score,review,y
4,,1
3,양념이 너무 달다. 그래도 배는 부름,0
1,알바생들이 교육이 잘안된건지 융통성이 없던건지ㅋㅋㅋㅋㅋ 볶음밥시켰는데 불이 계속 안켜졌는데 안켜지면 가스통을 바꾸던가 다른곳에서 볶아와야하는거아님? 근데 또 안되네 이러면서 우물쭈물하다가 밥만 비비고 가서 볶음밥이 아니라 비빔밥먹음ㅋ ,0
1,"먹다 수세미? 조각 나와서 사장 나와라고 하고 싶었지만, 용기가 없어서 그냥 나옴  가지 마세요.",0
4,배불러요,1
1,"옛전에는 이러지 않았는데 아쉽네요. 닭갈비랑 볶음밥 양이 엄청 작아졌고, 명동점은 닭갈비에 소스가 남아있지않으면 소스 조금 더 가져와서 간이 맞게 볶아주고 닭 남았으면 닭도 같이 볶아줍니다. 대체 직원교육을 어떻게 시켰는지 사장님 마인드가 다 보여요. 닭갈비랑 토핑 추가 주문하려는데 ""닭갈비 는 2인분 부터 주문 가능하세요."" 하더니 그냥 가버리고 토핑은 ...",0
1,진심으로 돈 아까웠던곳 양도 너무 적고 중간맛은 밍밍 볶음밥 시키고 나서 거의 다 남겼습니다 고추장에 설탕 왕창 부은맛이구요 진짜로 리뷰 거의 안쓰는데 너무 한거같습니다….,0
5,사장님들 친절한 서비스 감사합니다!,1
2,맛있는지 모르겠다 너무 달고 짜고 좀 맛에대한 퀄리티가 많이 떨어짐 그냥 치즈넣어서 사진으로만 이쁘게 찍히는 닭갈비임 양도 적다 3인분 시켰는데 딱봐도 그냥 2인분 준거같음 사리 많이 시켰는데 그만큼 고기가 줄어듬 ㅋㅋ 직원들도 분주하고 산만함 일은 안하고 농땡이피고 음악소리에 춤추고 지들끼리 장난치고 손님들 밥먹는데 무례함,0
3,맛있는지는 모르겠어요. 후각 좋은 사람들은 닭 잡내 맡을 수 있어요. 특별히 반찬도 없고 아무것도 없고 닭갈비만 나오는데 양이 많은것도 아니예요. 근데 가격은 일반 닭갈비집에 비해 비쌈.,0
3,치즈 플레이팅?이 예쁘게 돼서 유명한 것 같은데 맛은 아무 닭갈비집이랑 차이는 없다. 가격만 좀 더 높을 뿐.,0
2,"비주얼에 비해 맛은? 음...  1. 드럼스틱살, 양배추, 떡, 조미료 가득한 양념으로만 맛을 내서그런지 3개 정도 먹다보면 질림.  2. 당면이 다 불어서 나옴. 어제 만들어놓은 음식 먹는 느낌.  3. 오랜만에 닭이다싶어 젓가락으로 집으면 양배추임.  4. 중간맛은 안 매운맛임.   총평) 마늘, 양파 등을 추가하여 재료를 조금 더 풍성하게 할 필요가 ...",0
5,저번에 맛있어서 또 방문했는데 역시나 맛있어요!!! 이러다 단골될듯ㅋㅋ,1
5,깔끔하고 맛있어요 !! 볶음밥도 원래 닭갈비 양념이랑 맛이 분리되는데 이곳은 그렇지 않아 정말 좋았어요 ㅎㅎ 직원분들도 친절하시네요 !!! 왕추천입니다,1
5,우선 닭갈비 솔직히 맛있음 양념이 자극적이지 않고 중독성 있음 직원들 친절함 아래 리뷰들 이해가 안감 가게가 바뀐건지 내가 알수없지만 참고로 난 만족한곳들만 리뷰함 ,1
5,너무 맛있습니다 !!  한끼 식사로 좋네요 ㅎㅎ,1
1,사리를 추가하면 그만큼 고기가 없어짐 ㅋㅋㅋ 강남역에 닭갈비집이 없어서 장사가 잘되는듯,0
2,"블로그에 또 속았네요...ㅜㅜ  맛은평범. 4인분 중 닭고기양은 엄청 조금이고, 직원들중 캐셔보시는 분 완전 불친절. ",0
5,완죤맛집~~~,1
1,맛이…,0
1,먹고 하루지난 뒤인 지금도 계속 배아파요ㅠㅠㅠ 혹시나하고 들어와봤더니 다른분들도 그러시네요,0
3,이정도면 맛있다고 할수 있는것 같습니다.  가면 또 가겠지만 일부러 먹으러 찾아갈까 싶기도 한 적당한 집. 당면넣어주는게 좋았어요ㅎ,0
5,매번 좋은 사람들 만날때 방문하는데 매번 맛이 좋네요. ,1
5,학원끝나고 일주일에 두세번은 가는 듯 ㅎㅋㅋㅋ 장인닭갈비 너무 맛있어요!,1
5,매운 닭갈비에 치즈추가하면 남부러울게 없지,1
4,룸에서 모임하기 좋아요.,1
5,너무 조치 룸도 잇고 근데 환기가 안됨 ㅠ 그리고 카운터 남자분 일 똑바로 햇으면 ㅠ 싸1가지 진짜 가정교육 된장찌개에 밥말아먹엇나,1
2,"여기올때마다느끼는거지만 카운터 직원, 맨앞에서 자리응대하는직원 참 불친절... 말풍선 다보인다. 말하는게 기본이 안된듯",0
5,,1
2,바닥이 너무 미끌거림..  파채는 도끼로 써는듯,0
4,친구들과 즐겁게 식사하고 왔어요. 룸도 있어서 룸에서 먹으니 좋네요!,1
5,,1
1,원래 리뷰 아예안쓰는데 처음 씁니다.  오랜만에 왔는데 서비스는 개나 줘버리고 고기올려놓고 까먹은건지 뭔지 오지도 않고 이게 소고기인지 고무씹는건지 모르겠네요. 맛있다고 지인 데려왔는데 다신 안올거같아요 만원짜리 삼겹살집이 더 나았을듯 ,0
1,아니 고기 몇만원어치를 먹는데 계속 안구워주고 벨을 눌러도 묵묵 부답 진짜 비싼값내고 먹는데 짜증나 죽을뻔함,0
2,5월초 당일전화 예약방문. 주메뉴 3개 있는 고깃집에 안심이 없다함. 착석전에 카운터에서 알려주든가. 마늘 다 타들어가서 불렀더니 멀뚱거리며 어쩌라고 하는 표정으로 서있음. 테이블수 대비 인원이 많이 부족해보임. ,0
2,가격 대비 서비스나 실수 후 응대가 너무 별로입니다,0
1,,0
3,왠지 모르지만 맛의 기복이 있어요 그리고 나갈 때쯤이면 거의 훈제인간 됨,0
2,호불호가 확실히 갈릴 거 같아요,0
3,,0
2,후식도있었나요? 못먹음 (디너) 창고43스페셜,0
4,,1
4,고기질 좋고 잘 구워줌. 가격은 비싼 편.  (1인당 16.7만 지불),1
4,,1
4,맛있고 깔끔하고 친절하셨어요 고기 다 구워주시고 최고,1
2,좋은 고기를 맛 없게 구워먹는 곳이란 느낌을 받았습니다. 고기 상태는 좋은데 구워주시는 분에 따라 평가가 다른 것 같네요.,0
1,,0
1,고기도 후식도 반찬도 어찌도 맛난 음식이 하나도 없나요  고기도 냄새나고 푸석푸석한 맛 깍두기도 아삭함이 전혀 없고 누룽지도 식감이 전혀 없고 반찬으로 나온 고사리 조차도 도대체 뭘 먹으라는건지...  초심을 잃으면 망해요,0
3,,0
2,팬은 무쇠팬인거 같은데 진짜 고기 못굽네요. 그냥 점심식사하는 거 외에는 비추. 돈아깝습니다,0
4,입에서 살살 녹아요.ㅎㅎ,1
4,고기맛이 끝내줘요~~,1
4,맛있어요,1
4,육전식당 신설동 본점도 자주 갔는데 강남에도 있길래 방문함. 기대가 너무 컸나 다들 맛나게 먹었지만 부족했음… 많이 시끄러워 대화하는데 목이 아팠다. 고기맛은 여전히 굿. ,1
3,오늘은 삼겹살이 질겼어요 목살은 겉바속촉이었는데 삼겹살 살코기 질김 무슨 일이죠? 원래 육즙팡팡 부드럽게 녹았잖아요 고기 상태 신경써주세요... 지인에게 자신있게 소개한 곳이었는데 아쉬운 자리였네요ㅠㅠ,0
5,맛있음,1
5,목살도 존맛 삼겹살은 대존맛 사진 왜 못찍었을까 나,1
1,,0
5,고기 자체가 맛있네요!!! 소금 갈치젓 다 맛있어요!,1
5,,1
4,맛잇으느 비싸다으,1
5,C'est tellement gentil ici que je peux sentir le goût coréen.,1
5,친절하고 너무 맛있었어요. 고기도 진짜 맛잇게 구워주시고..  근데 볶음밥은 진짜 별로에요. 비싼데 맛이없어요.. 고기많이드세요,1
4,,1
5,ㅈㅁㅌㅌㄱㄹ,1
4,,1
5,,1
3,맛은 있지만 가성비는 좋지 않아요,0
4,맛있고 직원 분들이 매우 친절하셨어요,1
4,직원 친절. 고기 맛있음. 가격은 비쌈,1
5,깔끔하고 맛있어요,1
5,제가 구워먹는 고기를 크게 선호하지 않는 편인데 여긴 진짜 맛있어요 ㅋㅋ 데려간 지인들도 다 만족했어요,1
4,"삼겹, 목살, 항정살 세개 먹어본것중 갠적으론 삼겹, 목살이 맛있음. 식당에서 먹은 고기중 맛이 손에 꼽힘 그러나 가격도 손에 꼽힘 + 직원분들 친절",1
5,,1
4,,1
2,"체인점, 예약 용이, 깔끔 ",0
1,포장/배달 서비스를 본인들 기분대로 하다가…말다가… 구멍가게도 아니고 일을 너무 아마추어 같이 합니까?! ,0
2,"18,000원에 150g... 삼겹살치곤 가격이 좀 있는편인데 그에 걸맞는 맛인지는 잘... 메리트라면 고기를 구워준다는것 이외에는 잘 모르겠네요..... 맛이 없진 않은데 그렇다고 저만한 가격을 줄만한 맛인지도 의문입니다",0
5,맛있어요 22 3344 사이드 전부 맛있어요 ㅠㅠ,1
4,맛있어요! ,1
5,,1
5,,1
1,맛도 그닥.. 가성비 별로. 제일 별로는 직원이 넘 싸가지 없음.. 다들 다른 곳 가시길.. 1점도 아까움ㅠ,0
1,삼겹살이 160그램에 18000원. 삼겹살 목살 각 1인분씩 주문하려고 했으나 첫 주문에는 최소 2인분 주문해야 한다고;;  맛이라도 특별하면 몰라 그냥 하남돼지집 수준.  매장도 너무 시끄러움 걍 도떼기시장 ㅇㅇ 바빠서 그런가 직원들은 짜증이 기본 베이스로 깔려있음. 주차장 넓고 직원이 직접 구워주고 냄새 안 밴다는 것만 장점,0
3,가격대비 그닥 특별함은.. 맛은있음,0
3,맛은있으나 가격이 생각보다비싸서 놀랐던기억이ㅠ,0
3,"고기맛이 나쁘진 않은데, 가격대비 훌륭한 느낌은 아니다 요기 갈 것 같으면 땅코간다!",0
1,"서비스, 위생 최악! 샐러드에서 철 수세미 나왔는데, 알바인지 직원인지 미안하단말 한마디도 없고 “바꿔드릴까요?” 이 한마디. 바꿔주는건 당연하고 사과부터 해야하는거 아닌가요? 두번째 구워주러 오신 남자분도 정말 대충대충 하기싫으시면 일하지마세요. 친절을 바라는게 아니라 손님이 불편함을 느낄정도의 불친절은 점주의 잘못인걸까요? 이글 지우지마시고, 제발 문제...",0
1,지금 먹고 있는데 다 태우시고 고기를 이렇게 얇게 썰어서 ㅜㅜ  직원 교육이 필요합니다,0
4,직접구워줘서 편하고 냄새도 안배서 좋음 다만 조금 어수선함 느낌. 고기맛도 쏘쏘~~,1
4,"맛있는데 양이 넘 적은거 같긔,,",1
4,,1
5,숙성삼겹살 맛있어요. 옷에 냄새도 안나고 땀안흘리고 고기먹고 왔어요~  www.dookupsam.com,1
4,맛있고 깔끔해서 좋네요,1
4,,1
4,맛있음,1
1,#무례한 단체손놈들 #능력없는 매니저 #도떼기시장,0
4,,1
4,,1
4,육회랑 계란찜 꼭 먹으세요. 진짜 맛있어요. 삼겹살이랑 소고기 등심도 아주 부드럽고 맛있네요. 직접 구워줘서 편하게 먹었어요.,1
5,대좐맛탱 감자전도 맛있어요 단골예약임,1
3,,0
2,,0
4,,1
5,떡도리탕,1
1,,0
5,맛있댜,1
3,,0
5,여긴 떡이 메인이에요~ 추가하게 되요 ㅋ 떡도 그냥 떡 아니고 너무 맛있어요~~ 감자채전은 두툼 바삭바삭 포슬포슬 케찹 찍어 먹어야 맛있어요!! 양념 너무 맛있은데 자극적일수 있어요~ 근데 닭볶음탕집 다 자극적이지 않나요? ㅋ 그맛에 먹죠^^,1
5,,1
5,,1
4,맛있는데 조금 짜요,1
4,달고 자극적인 맛! 맛있어요! 약간 떡볶이맛..?,1
2,맛은 있는건 둘째치고 너무 더움,0
1,직원 마스크 안씀  ㅎㅎㅎ 붙어있는 떡 떼는거 맨손으로 함  ㅎㅎㅎㅎ!!! 숟가락 가져다줄때 안씻은 손으로 입닿는부분 잡아서 주고요.  손씻는거 한번도 안보였네요 ㅎㅎㅎ!! 힐끔 보니까 주방에서도 마스크 안껴요 ^^  위생 감각 제로  밤에 술취해서 가면 안보일테니까 술취하시고 가서 드세용!! ^^!!!ㅎㅎㅎ 전 낮에가서 맨손으로 떡떼는거보고 토할뻔햇네요~...,0
1,일단 가게내부가 너어어어ㅓ무 덥다.. 가스버너 앞이어서 안그래도 더운데 실내 온도가 28~29도에서 내려가지를 않음 ㅜ 사장님 에어컨 새로 사세요ㅜㅜㅜ 떡이랑 양념 맛있긴한데... 닭고기가 거의다 가슴살.. 2인분 기준으로 닭반마리들어가는데 거의다 닭가슴살이었음...ㅜ,0
5,개개개존맛;; 떡이 진짜 미쳤고 닭도 안퍽퍽해요ㅠㅠㅠㅠ와 진짜 맛있어요... 국물도 미침;; 직원분들도 엄청 친절해요  대신 쪼금 아쉬운건 에어컨 안빵빵해서 약간 더워요ㅠㅠ 그거빼곤 또 오고싶을 정도로 음식 맛있었어요 ,1
1,제로페이 가맹점 아님. 문에 제로페이 스티커 붙어있는데 사장이 제로페이 안된다고 했음. 강남상품권 여기서 못 쓰니 헛수고 하지 마세요기분 좋게왔다가 여기 다시 안 오려고 즐겨찾기 지움. ,0
2,평일 저녁에 방문했는데 맛집은 아니고 술집에 가까움. 특이한거 없고 그냥 닭볶음탕에 떡 많이 들어간거라고 보면 될듯.,0
1,계산도 잘 못 해놓고 영수증두 안주시네요.ㅡ.ㅡ  돈을 더 냈는데 고의인지 실수인지 모르겠네요 ,0
2,,0
4,학생들이 좋아할 맛! 맵지 않고 달달해요 닭고기가 부드러움ㅎㅎ 술안주로 추천⭐️,1
5,감자채전,1
3,술안주로 좋아요 좀 달고,0
5,"전 아주 만족. 감자전이 감자튀김전이어서 제 스타일이었구 떡도리탕도 적절하게 맵구, 깍두기, 콩나물, 볶음밥 다 맛있어욤! 양도 적당했습니다. 평일 저녁에 20-30분 정도 대기해서 먹었어요",1
5,숙성돼지라 맛있었어요~~ 친절하시고 고기도 잘 구워주세요 추가주문도 테블릿으로 해서 편하고 단점은 늦게가면 웨이팅이 있다는 점?? ,1
4,괜찮음,1
5,존맛탱!! 인생 삼겹살집 입니다요,1
4,,1
5,진심 대박 맛있고! 특별한건 직원분이 끝까지 구워주시는게 최고! 내 인생  최고의 고기집이였음!,1
1,고기는 맛있는데 직원분들 태도는 그닥... 내 돈 주고가는데 왜 내가 가게직원 눈치를 봐야 하지?,0
1,20분다되도록 고기안나와서 두번이나 얘기했는데  죄송하다는 말도 그닥 성의없이 하시고 고객응대 서비스는 최악이었습니다.  고기는 맛있긴 함.,0
5,걍개마싯윰ㄹㅇ 좀비싸긴함,1
5,고기는 맛있어요~,1
5,고기 맛있어요ㅋㅋㅋ 된장밥 도 맛있고 비빔국수도 맛있고 유명해지기 전 부터 갔는데 .. 하 맛집이 되버려서 줄을 서야해서 우울하네요 ㅋㅋ,1
4,"콜키지프리, 이베리코목살은 퍽퍽했고 삼겹살 맛집",1
5,이름값 갑 한입먹자마자 육즙 오지고 개존맛탱 ,1
5,강남역 고깃집중에서는 최고입니다~ 고기자체 숙성이잘된건지 확실히 일반 체인점고깃집들하고는 차이가 있네요 ㅎㅎ ,1
1,직원들이 불친절. 바빠서 그런건 이해되는데 고기먹으러 갔다가 기분 잡침. ,0
1,"별점 1점도 아까운 수준의 서비스 그렇게 저렴한 가격도 아닌 곳이 서비스는 왜저렇게 저렴한지 모르겠음.   처음에 웨이팅 있냐고 전화로 물어봤는데, “웨이팅 있어요?” “네”  -> 웨이팅 있냐고 물으면 몇 팀정도 혹은 얼마나 기다려야하는지 말해줘야하는데 네 라니..? 강남역에 딱히 먹을만한 곳이 없어서 갔는데, 일하는 알바생들은 화가난것처럼 돌아다면서 고...",0
4,돼지고기 깔끔하게 먹고싶을때 가는 집 늘 웨이팅이 있습니다,1
1,별 1점도 아까웁니다 점심에 돈 내고 불친절함 느끼고 싶으면 가세요 들어왔는데 안내는 커녕 인사도 없고 테이블 셋팅도 우리팀보다 늦게 온 사람들부터 해주고 바쁜 것 같아 뒤에 올려진 물수건 가져다가 썼더니 그거 아니라면서 우리팀 옆팀 보는 앞에서 던지시더라구요? 몰랐다고 죄송하다고 했는데 아주 감사합니다ㅋ 옆팀도 얼마나 놀랬으면 대화를 중단했을까요 그나마 ...,0
4,맛있긴한데 자리가 너무 협소하고 하남돼지가 더 맛남,1
4,고기집에서 고기가 가장 특별했으면 그걸로 충분 비싼 임대료 때문인지 미식의 불모지인 강남역에서 이정도면 훌륭하다. 목살과 껍데기 항정살 추천,1
3,먹을거면 삼겹살말고 무조건 목살. 껍데기 항정살 먹고싶었으나 늦은시간이라 품절. 강남부근 괜찮은 맛집찾기가 너무 힘들어서 이정도면 나쁘진 않았지만 가격대비 반찬이 부실하고 고기 구워주는것도 좀 설렁설렁 느낌이 있음. 요즘 이런 프리미엄 느낌의 고깃집이 많기때문에 굳~이 재방문은 흠..? 근데 목살은 진짜 맛있게 먹음.,0
5,강남역에서 몇 안되는 찐맛집 인정!! 이름에 걸맞게 육즙터지는곳. 웨이팅이 길었지만 충분히 웨이팅 할 만한곳이었어요.,1
4,"한정 항정살 먹으러 왔습니다, 주방에서의 실수가 있었지만 맛이 그걸 극복하네요.",1
5,"강남역 지역, 특히 지오다노 뒷골목 쪽은 프랜차이즈만 즐비하고 고기 먹을 곳이 없었는데 이 곳이 생겼습니다. 고기 퀄리티가 상당한데 거기다 직원들이 직접 구워주니까 편하고 더욱 맛있어요. 저는 특히 목살이 정말 마음에 들었습니다. 와인에 한해서 콜키지 프리니까 돼지고기에 와인 곁들여 먹기 좋아하시는 분들은 참고하세요! ",1
4,가격이 저렴해 보이지만 맛있어서 먹다보면 많이 먹어서 계산 할 때 금액에 깜놀하는 곳이다.  하지만 어디서 먹더라도 이 곳 보다는 비쌀 것이다.  항정살이 한정수량이지만 먹어보니 역시 삼겹살이 제일 맛있으니 이 점 감안하면 좋을 것 같다.  사이드 메뉴 중 계란찜은 왠지 쫀득 한 게 내 입맛에 딱 맞다.  강남역에서 맘 놓고 배 불리 먹어도 적당한 착한 가...,1
1,고기가 맛없기 어려운데 진짜별로ㅠㅠ 재래기나 뭐 양파절임 이런거 하나도 없고 목살은 원래 퍽퍽하다쳐도 삼겹살도 퍽퍽함 알바가 못자르는건지 비계만 있거나 살코기만 있거나 하는경우도 있었는데 기본적으로 가격대비 너무 맛없음. 퍽퍽하고 육즙은 찾아볼슈도 없었다.. . 내가 평소 좋은것만 먹고다녀서 입맛이 높은건지 ㅋㅋㅋㅋㅋ네이버블로그 리뷰보고 갔는데 사람들입맛 ...,0
5,진짜 존맛탱입니다. 여기 맛없다고 한 사람들은 미각을 상실한건가..? 이정도 가격에 이정도 퀄과 음식이면 충분하죠! 술과 음식무제한!! 존맛탱입니다!!,1
5,맛있따 무제한인 게 좋고 꽤 깨끗하게 관리되는 듯,1
5,,1
5,자주가는곳 1인도 갈수있다 점심엔 무한리필을 좀더 저렴한 가격에 이용가능,1
5,2021년 8월2일부터 8월4일까지 여름휴가 가셨답니다ㅠㅠㅠ 가실분은 참고하세요ㅠㅜ ,1
1,유튜브 영상을 먼저 찾아본 다음 방문했는데 굉장히 굉장히 실망스럽습니다.  <기대> '유튜브에서 기대감을 너무 높여 놓은 탓일까'라고 스스로 합리화하려던 시도들도 같이 간 친구들에 의해 박살났습니다. 친구들도 실망감을 감추지 못하는 표정이었습니다.   <닭죽> 군대에서 먹었던 닭죽보다 맛이 없게 만들 수 있을 줄은 꿈에도 상상하지 못했습니다. 게다가 그걸 ...,0
3,좋게 말하면 굽네치킨을 싸게 먹는 맛. 나쁘게 말하면 딱 예상한 뻔한 맛. 음료 무료인 건 좋아요!,0
5,강남에서 이런 가성비를 찾다니 회전율도 빨라서 전체적으로 신선합니다. 고기도 야채도.,1
5,그냥 술 무제한 지려,1
3,,0
2,,0
3,가성비 대박 맛도 맛있고 메뉴도 다양 술 무한리필 굿,0
4,,1
1,1월5일 방문했는데요.. 혹시 저희만탈이난건가요?? 먹고다음날엄청고생했어요ㅠㅠㅠ 다른분들도 탈이났는지 궁금하네요 댓글남겨주세요,0
4,가성비최고,1
5,Best price,1
5,,1
4,"가성비 갑입니다,,,,",1
5,소주 맥주 무한 5천원쵝ㅎ. .,1
5,사장님이랑 종업원분 친절하셨어요 내부도 매우 청결하고 닭갈비랑 갓튀긴 치킨 맛있어요 가성비갑,1
5,싸고 맛있고 좋아요,1
4,닭갈비 무한리필. 닭상태 좋음. 회식 분위기. 강남에서 가성비 좋게 한 잔. 술 무한리필은 덤.,1
3,,0
5,최고 모든 것이 완벽 ,1
5,,1
4,맛있어요.. 곱창보다 대창을 선호하는데 여긴 곱창 곱이 쓰지않고 꽉 차있어서 맛있었어요. 부추에 곱창 기름이 스며들어서 부추랑 같이 먹으니까 더 맛있었습니다. 근데 사람이 엄청 많은데 직원분들이 별로없어서 굽기를 잘 봐주시는 것 같진 않아요. 너무 바빠보여서 탄 부분 잘라내달라고 하는 것도 죄송스러운.. 직원분들 더 있어야할거같아요. ,1
5,역시 맛집이라 대기가 많던데 오래 기다렸다고 음료서비스도 주시고 사장님넘감사했습니다. 아래 댓글에 서비스 불만글이 좀 있던데 바쁜만큼 이해할 수 있는정도였고 음식점이 맛있으면 됐죠. 큰 서비스 기대없이 방문하면 술한잔하기 최고입니다~,1
2,개인적으로 강남에서 괜찮다는 음식점이 몇 없다 생각하지만 여기만큼은 최고라 했는데… 최근 방문했을 때 큰 실망을 함. 신촌황소곱창 매장 중 여기 지점이 가장 맛있었으나 이젠 가장 별로인 곳으로 남게 됨. 어떻게 이렇게 질기고 맛이 변할 수 있는지… 맛이 변한건지 아님 내가 하필 상태 별로인 날 방문을 한 건지. 아쉽습니다. ,0
3,아주머니가 처음부터 계속 손질해주시는데 타이밍 지나면 좀 타더라구요 손님 점점 많아지니까 테이블 신경 못써주심ㅠㅠ그래도 무난했어요,0
5,2번 갔는데 다 맛있었어요 주차도 돼서 편해요 밑반찬도 괜찮은 편,1
1,귀찮아서 리뷰 안남기는 스타일인데 여긴 많이 실망이라 남겨요..  2년전부터 강남에서 곱창 땡기면 여기갔는데 곱창이나 대창 둘다 갈수록 점점 질겨져서 먹기 힘들어짐. 이젠 절대 안가려함. 코로나로 힘드신지 직원분들 표정에 영혼도 없고 단체손님만 잘해주는 느낌? 기본으로 나오는 국은 깊은맛이 없고 맵기만 함. 볶음밥도 불판에 올리고 슥슥 대충 휘젓는게 다임....,0
3,무난,0
3,,0
2,너무질겨요ㅜㅜ,0
3,비싸긴한데 괜찮아요~,0
1,너무너무너무너무질겨서 삼킬수가 없네요ㅠㅠ,0
1,할말은 많지만 하지 않습니다,0
3,제 입맛엔 맛있었어요 다만 직원이 부족해서(?)인지 필요한거 주문할 때 제때 받기 힘들더라구요ㅠㅠ 볶음밥 안 시켰으면 섭할 뻔 했습니다 가게가 좀 더 깨끗하고 서비스가 좋았으면 진짜 자주 갈 것 같아요,0
3,그닥입니다,0
3,무난해요 볶음밥이 제일 맛있다..,0
5,,1
1,곱창은 먹을만하나 볶음밥이 매우 맛없다,0
1,별로 지금까지 먹어 본 곱창중에 제일 별로였음...ㅠㅠ,0
4,,1
4,,1
1,"기름이 빠지는 구조도 아니라서 직원 손을 안타고 먹을 수가 없는데, 직원분들이 너무 바쁘고 사람도 많아서 방치 당하기 쉽습니다... 원래 질긴건지 방치당해서 질겨진건지 곱창은 질겨서 아쉬웠습니다. 방치당하다가 집게라도 주십사 여쭤봤더니 젓가락으로 뒤집으면 된다고 하셔서 기름튀고 사람많고 무슨정신에 먹었는지 모르겠어요. 곱창먹으러가서 볶음밥 시킬 정신이 없었...",0
2,사람 너무 많다보니 신경을 잘 안써줌.. 곱창이 좀 질기기도 하고,0
1,저세상 잡내 고무같은 식감 첫입에 뱉고싶은심정 잡내 심하고 최악 턱운동하다 갑니다,0
1,ㅅ바 사장님 인성이 무엇??? ... 비추 비추 ,0
4,괜찮았어요 사람많은 곳~,1
3,점심 삽겹 꿀맛 냄새안나서 좋아요~,0
1,머리 하나로 묶은 머리긴(어깨는 넘었음) 여자 종업원이  안익은게 너무 잘 보이는데  그냥 가 더니  먹으라는건지 기다리라는건지 5분넘게 안오시길래  물어보니 다 익은거라고 하네요 사진상 으로 보이는 부분 보여주니 불 가장 쎄게 틀어주고 그냥 가시던데  덕분에 고기 다 타고 사진상  고기도 저희가 구웠어요 이럴꺼면 그냥 저희가 구울껄 그랬어요  고기도 추가...,0
3,먹기 편하게 해줌.,0
5,맛있게 배부르게 잘 먹고 핸드폰도 테이블 무선충전으로 만충하고. 마포점에 이어 방문한 강남점도 친절하고 맛있고 좋습니다.,1
4,비싸지만 맛있고 정갈하게 구워줘서 좋음,1
3,비싸지만 무난하니 좋았다,0
3,구워주는 떡이 진짜 맛있다. 양이 적다,0
4,모임 예약하기 좋은 식당.,1
2,맛있는데 양이 너무 적음...인당 2인분을 먹어도 배가 차는 느낌이 없음ㅜㅜㅜㅜ 회식으로 가기에 적당한 식당,0
4,맛맛,1
3,그냥 무난해요~,0
4,,1
3,,0
1,가격을 생각하면 다시는 가고싶지 않은 곳 화난 종업원이 태우듯이 구워주는 얇고 퍽퍽한 고기 취향이라면 강추 냄새 안나는 고깃집 사람이 많아서 의아한 곳,0
3,,0
4,2018.02.14 종로모임 신년회 전반적으로 괜찮다.고기질.찌게등  2018.06.08 입사동기 모임,1
1,종업원분들 무서워요. 두껍삼임데 고기 너무 얇아요. 점심이라 그럴지도 모르니 저녁에 다시 와서 보고 수정할께요.,0
4,,1
2,고기,0
5,육즙 좋은 삼겹살,1
5,,1
5,와우 곱 냄새도 안 나고 넘 맛난데요 꼬소하나 씹는맛이 굿입니다요 또 오고 싶으네요 ^^,1
5,완전 곱창 러버인데 곱창에서 냄새도 전혀 안났고 담백하면서도 고소한맛이 일품이었어요! 너무 질기지도 않아서 맛있게 먹고 왔네요 ^^ 담에 또 방문할게요~!,1
5,와이프가 곱창을 좋아해서 방문했는데 넘 맛있네요. 고소함과 담백함이 너무너무 맛있게 먹고 왔어요^^,1
5,곱창 먹을때 가운데 대파김치를 넣고 익히면 대파가 곱창의 기름을 무한정 빨아들여서 그냥 먹으면 셔서 먹을 수 없는 김치가 존맛으로 변합니다 꿀팁.. 다들 이렇게 한번 드셔보세요!  곱창 좋아하는 분들은 좋아하실 맛~,1
5,곱 완전 꽉차고 고소해서 넘넘 맛있더라구요~ 간만에 고소한 곱창먹어서 기분완전좋았어욥❤,1
5,와우 곱 냄새도 안 나고 넘 맛난데요 꼬소하나 씹는맛이 굿입니다요 또 오고 싶으네요 ^^,1
5,완전 곱창 러버인데 곱창에서 냄새도 전혀 안났고 담백하면서도 고소한맛이 일품이었어요! 너무 질기지도 않아서 맛있게 먹고 왔네요 ^^ 담에 또 방문할게요~!,1
5,와이프가 곱창을 좋아해서 방문했는데 넘 맛있네요. 고소함과 담백함이 너무너무 맛있게 먹고 왔어요^^,1
5,곱창 먹을때 가운데 대파김치를 넣고 익히면 대파가 곱창의 기름을 무한정 빨아들여서 그냥 먹으면 셔서 먹을 수 없는 김치가 존맛으로 변합니다 꿀팁.. 다들 이렇게 한번 드셔보세요!  곱창 좋아하는 분들은 좋아하실 맛~,1
5,곱 완전 꽉차고 고소해서 넘넘 맛있더라구요~ 간만에 고소한 곱창먹어서 기분완전좋았어욥❤,1
5,와우 곱 냄새도 안 나고 넘 맛난데요 꼬소하나 씹는맛이 굿입니다요 또 오고 싶으네요 ^^,1
5,완전 곱창 러버인데 곱창에서 냄새도 전혀 안났고 담백하면서도 고소한맛이 일품이었어요! 너무 질기지도 않아서 맛있게 먹고 왔네요 ^^ 담에 또 방문할게요~!,1
5,와이프가 곱창을 좋아해서 방문했는데 넘 맛있네요. 고소함과 담백함이 너무너무 맛있게 먹고 왔어요^^,1
5,곱창 먹을때 가운데 대파김치를 넣고 익히면 대파가 곱창의 기름을 무한정 빨아들여서 그냥 먹으면 셔서 먹을 수 없는 김치가 존맛으로 변합니다 꿀팁.. 다들 이렇게 한번 드셔보세요!  곱창 좋아하는 분들은 좋아하실 맛~,1
5,곱 완전 꽉차고 고소해서 넘넘 맛있더라구요~ 간만에 고소한 곱창먹어서 기분완전좋았어욥❤,1
5,대충 친구랑 밥 먹으러 들어갔다가 생각보다 맛있어서 괜찮았어요 사장님도 친절하시고 감사합니당,1
5,어후 소주 안먹고는 안될 맛이었어요 술마실 생각 없었는데;; 진짜 맛있게 잘 먹고 배터질거같다 하면서 나오면서도 여기 또 오자 하고 나왔네요,1
1,후기 알바들인가...? 그정도 아닌데 진심. ..,0
5,고소하니 양도 많아서 든든했어요~ 모듬구이 완전 대박..양도 적당하고 가격도 적당하네요 강추해요,1
5,곱창 고소하니 넘 맛있었어요 ㅎㅎ 대창은 처음이었는데 대창도 제 입맛에 딱 맞고 좋았어요 마지막에 볶음밥까지 든든히 잘 먹었습니다~,1
3,대창보단 곱창. ,0
1,곱창은 질기고 매장에 가서 먹는데 나무젓가락이라니!! 가격도 비싼데 나무젓가락에 종이컵. 어디 포장마차에서 먹는것도 아닌데...,0
4,맛있어여 곱이 가득가득,1
5,문래동에서 먹고 너무 만족해서 다시 간 곳 역시 배신하질 않는 맛이네요.  믿고 먹는 곱!! 나는 무조건 강추,1
5,곱창이 너무 통통하고 쫄깃한데 또 부드러워서 맛있게 먹었습니다~냄새도 안나고 신선한 곱창을 쓰시는거 같아요~마지막 볶음밥 까지 싹싹 먹었네요 ㅋㅋ,1
3,1년만에 다시 방문 평점 5점에서 3점으로 바꿔요 맛은 달라진게 없는데….,0
4,"맛있고 비쌉니다! 모둠2인분, 된장찌개",1
1,친구 추천으로 생일날에 일부러 주말에 방문.코로나로 손님도 없었고 테이블 자리도 텅 비었지만 시간이 몇분 남지 않았다는 이유로 고기도 많이 남았고 가격도 싸지 않은데 눈치없이 불판을 빼서 이해가 안대고 직원의 서비스도 너무 마음에 안듬...두번째 방문이지만 너무 실망이며 직원의 사과 하는태도도 너무 성의가 없어서 강남 매장은  두번다시 방문하고 싶지가 않네...,0
5,,1
5,김희X 직원분이 상당히 고기를 잘 구우십니다 ~ !,1
5,맛있습니다,1
5,흠 존맛인정 ,1
2,장점 - 1. 맛있음 2.콜키지 프리 3.위치  단점 - 1. ⭐️불친절⭐️ 말하고 있는데 무시하고 가는 직원은 처음 봄ㅋㅋ근데 더 짜증나는건 들어올 때 부터 기분 나빴는데 그 직원이 처음부터 끝까지 고기 구워줌 검정색 마스크 코 반까지만 쓰고 나이가 좀 있으시던 분^^ 옆테이블은 나이대가 높아서 그런지 열심히 설명해주더니ㅋㅋ 우리는 걍 고기만 구워 줌  ...,0
4,맛있음,1
2,"방문은 19시 50분쯤 했는데, 20시에 주문 마감하신다 함. 어느정도 먹고나서 추가로 이것저것 주문하고 싶어 아쉬웠지만, 사회적 거리두기 때문에 21시까지만 영업이 가능하고 나 또한 충분히 늦게 방문했음을 인지했으므로 이에 대해서는 불만이 없다.  좋은 점 - 고기 상태는 정말 좋고, 직원분들이 어느정도 구워주셔서 비교적 편하게 먹을 수 있다. 밑반찬 류...",0
5,,1
5,,1
4,분위기도 좋고 직원분도 친절하셔서 좋았어요!  설명 하나하나 친절하게 해주시고. 무엇보다 콜키지 프리라 좋아요,1
1,핵노맛 식당 분위기가 1점,0
5,"주말엔 점심특선 안 됨ㅠ 안 바쁠 때 가서 그런지 하나하나 잘 구워주시고 육즙 굿 미디움으로 먹어야 맛있다 함 사이드도 다 맛있다 하이볼, 고메볼(고량주 하이볼) 존맡탱 비싼 게 흠",1
5,맛있고 직원분들이 친절해서 좋아요. 가성비도 좋음. 생각보다 고기가 많이서 한꺼번에 안시키는걸 추천. 와인은 여기서 안마셔봐서 모르겠어요. 아마도..? 괜찮을듯,1
5,"새로 생겨서 정말 깨끗한 인테리어, 마감시간에 지켜봤는데 다 깨끗이 청소하길래 신뢰... 직접 구워주셔서 맛도 훌륭하고 소스나 찬도 좋았다. 와인콜키지도 병당1만원에 서비스가 좋다. 말 한마디를 해도 좋게 해주는 서비스에 기분이 좋은 곳. ",1
4,,1
2,,0
4,이모님이 너무 친절하시고 가게가 깨끗한편 항정살 괜찮고 된장찌개 맛있음,1
5,어쩌다 급하게 찾아서 간 곳이엇는데 고기 직접 맛잇게 구워주시구 고기 질도 좋고 기본으로 나오는 국물이 너무 술 재질이라 결국 낮술함 ㅎ.....존맛,1
5,,1
5,목살 퍽퍽하지 않고 맛있음:),1
5,"꽃삼겹, 통삼겹, 물냉, 된장찌개, 후식아이스크림",1
5,맛있게먹었다 융숭한대접에감사한다,1
5,맛은 항상 만족. 인테리어나 식탁 배치도 마음에 듦.,1
5,메뉴가 다 맛있네요. 후식 아이스크림도 좋습니다,1
5,고기도 맛나고 장소도 깨끗하게 잘되어 있습니다^^,1
4,이층집에서 질좋은고기와 맛있는음식을 먹으며 친구나 연인들의 즐거운시간과 좋은추억을 만들수있는 곳으로 최고의장소다,1
5,맛있네요. 고기도 다 구워주시고 만족했어요.,1
5,맛있다. 명이나물과 와사비도 줌. 꽃삼겹이 진짜로 꽃 모양으로 나온다.,1
4,"맛, 서비스, 분위기 아주 좋네요. 추천드립니다.",1
5,고기맛있당ㅎㅎ,1
5,고기도 구워주고 명이나물에 싸먹으면 진짜 존맛!!!,1
5,"삼겹살을 다 구워주시고, 특히 꽃삼겹살은 마치 소고기 차돌박이 같은 얇음. 꼭 드셔보세요",1
1,절대 안감. 고기상태도 별로고 비계덩어리줌 가 본 식당 중에 최악임. 직원 싸가지 없는건 덤 .,0
5,해물탕이 시원해서 술먹으러 갈때 딱 좋은것 같아요 고기고 맛있고 명이나물도 맛있어요!!,1
5,직원분들도 친절하시고 고기맛도 좋네요 ~ 다음에 또 방문할께욧,1
1,“남자” 사장이 엄청 불친절; 가지마세요,0
4,꽃삼겹 미쳤습니다... 목살도 묵직하고 좋아요 .. 가격이 있지만 충분히 그 값을 합니다. 디저트로 우유 아이스크림 있는데 이거 남녀노소 불문하고 즐길 수 있는 맛입니다 달달해요 ㅎ,1
4,무난무난  체인이라 거기서 거기,1
1,교대에 있는 이층집 자주가서 갔는데 반찬수도 뭔가 작고 엄청 불친절하네요.. 교대 생각하고 가지 마세요,0
2,,0
2,고기 구워주지 않음. 본점이나 다른 지점과 다른듯.  고기에서 냄새가 남. 다른 지점과 다른듯. 오득살 같은경유 다른 불판으로 알고 있는데 같은 뷸판 사용. 다른 지점과 다른듯. 기대감이 있는 부안집인데 좀 아쉬움,0
4,강남역근처에서 고기를 먹는다면 가볼만한 맛 쫀득살이 뭘까했는데 덜미살이었다! 평소 뒷고기에 애정이 있었다면 목살과 함께 고  ★ 절대비추 지인에 가지말라고 할 집 ★★ 재방문의사 없음/평범 혹은 그이하 ★★★ 괜찮음 누가 가자고하면 다시감 ★★★★ 맛있음 재방문의사 있음 ★★★★★ 추천 찐맛집,1
1,"불 약함, 숯 좀 추가해달라니까 끄적끄적 하더니 감.  숯불로 수비드하고옴. 다신안감",0
5,싸고 맛있어요 특히 양념이랑 사이드메뉴가 찰떡궁합 ㅠㅠㅠ 강남에 이런 맛집이라니,1
5,시끌벅적하고 붐벼서 대화는 힘들지만 고깃집은 다 그러니까요 ㅎㅎ 맛있어요 사이드도 완벽,1
5,"주차장이 있어서 편리했고, 인테리어는 깔끔무난하며 전체적으로 다 맛있습니다 특히 쫀득살이 대박이네요..",1
5,오랜만에 찐 고기 맛집입니다..매장 자체도 깔끔하고 음식도 깔끔하고 정갈해요!!! 솔직히 퀄리티 대비 가격 저렴하다고 생각해요. 사이드 메뉴도 맛있고..특히 쫀득살 최고에요!!♡ 사장님 너무 친절하세요 바쁘신데도 친절한 응대 해주셔서 기분좋게 먹었습니다~,1
5,고기 대 존 맛. 사이드도 맛있어요. 깔끔하기도 하귱,1
5,쫀득살 맛있어요,1
4,,1
4,,1
4,,1
4,,1
1,후기 신고해서 삭제하네요  두꺼비 닮은 알바가 불친절해요 많이불친절해요,0
5,제가 가본 냉동삼겹살집중 원탑. 호일 안쓰는게 가장 큰 장점.  냉동의 그 고유한 맛 굿입니다 고사리가 특히 굿굿 사장님은 친절하세요  알바들은 어딜가나 어쩔수없다고 생각함. 제가 갔을 땐 다들 친절하셨음,1
4,고사리 부시고 싶을 때 갑니다. 돈가스도 좋아요. ,1
5,저 왔을때는 직원분들 너무 친절하셧구용 싼맛에 먹기좋은 고기같아요!! 돼지냄새 예민하신분들께는 잡내가 좀 날수도있는데 1인분 4900원인거치곤 너무 맛잇게 먹었습니당~ 주전자 우동도 짱. 걍 음식들 다 싸고 양이 엄청많아요!,1
1,,0
1,사장인지 알바인지 모르겠는데 키180정도되고 안경안끼고 조끼패딩 입는 남자 진짜 ㅈㄴ 싸가지 없음 밥맛도 떨어질 정도임;; 진짜 가지마세요 돼지고기 3인분이상 주문해야하고 굳이 강남 변두리까지와서 먹을이유는 없다고 생각함 오지마세요,0
2,"가격에 딱 알맞은 맛.  가성비로는 나쁘지 않았으나 직원이 매우 불친절해요.  값이 저렴하더라도 음식을 적게 시킨것도 아니고 고기 5인분에 밥, 찌개까지 주문했습니다.   가게에 들어가자마자 인사 없고, 테이블 안내 없고, 이용안내 없었습니다. 선주문, 밑반찬 및 수저는 셀프인거 미리 알고 가서 상관은 없었지만 이 정도 응대는 기본적인거라고 생각합니다. 주...",0
4,,1
1,"진심으로 기분나쁘게 먹은곳 사장이랑 직원은 턱스크 아니면 마스크 벗고 손님상대하며 음식만지고있지않나 육회시켰더니 정말 간은 안돼있도 육회깻잎노른자비빈맛이라 소스달라하니 소스는없다하고,,(그럼 기본간이라도 잘해주던가,, 아니면 손님 이렇게 드셔보세요 혹은 저희가 간을 세게 안하는 식당이라서요 , 라는 액션정도는 취하는게 맞다 생각함) 손님들어올때 눈인사는커녕...",0
4,맛은 있으나 직원들이 너무 별로,1
3,이 동네 사는 사람이자 생활외식인으로서 그냥 드는 생각은 말입니다. 이 가격대의 삼겹살을 먹을생각을 하면서 조용한 룸으로 예약을 하겠다는 생각 자체를 하는 분들이 신기하다입니다. ,0
1,첫 주문이 기본 3인분부터면 1인분에 5000원이 아니라 7500원이죠~왜 거짓말 하시나요...?,0
3,저녁시간에 웨이팅 오십분 걸린 거 같은데 그정도 까지 기다릴 필요가? 싼 만큼 셀프서비스가 많고 위생적이진 않네여ㅜ ㅜ 웨이팅 하는데 먼저 예약한 사람들인지 몇 팀은 그냥 먼저 들어가구.. 저렴하지만 고생하면서 고기 먹고싶진 않네요,0
1,모임이 있어서 조용한 룸으로 원해서 예약하고 방문함. 예약시간에 맞춰서 방문했으나 룸 자리가 없다고 함. 예약을 했는데 왜 방이 없냐고 하니까 예약을 했어도 예약한 자리나 룸을 이용할수없다고함. 그게 무슨말이냐고 되물으니 예약을 해도 손님이 많다보니 그런 시스템이라고함. 그럼 예약을 왜 하게 하냐  예약시스템에 의미가 없지 않냐 여쭤봄 돌아오는 답변은 어쩔...,0
1,"최악. 어떻게저런직원들이 장사를 할수있나싶네요 예약은아무런 의미도 없고, 불친절에, 손님들이랑 대화가 아예 안되는 직원들밖에 없네요 싼맛에 가성비찾아 가시는거라면 다른곳을 방문하심이.......",0
4,삼겹살 가격대비 불만없음 돈까스 맛있음 셀프 배식대에 음식이 엥꼬나서 군대때 줄서서 배식하던것처럼 기다려서 배식받음. 다른 지역에서 이랬으면 별 한개지만 이 비싼 강남땅에서 이렇게 장사하는건 그 자체로 존중받고 의미 있다 생각함 근데 돈까스는 가격 제외하고 그냥 맛으로만 따져도 고퀄리티,1
1,화장실냄새나는 식당은 처음이었고 어디에 앉아도 냄새가 심해서 놀람. 앞치마도 지저분하고 냄새남. 전반적으로 위생 별로,0
5,개맛집.. 요즘 유튜브니 인스타니 완전 너무 많이 나오다보니 줄 서고 정신없어서 짜증. 돈가스 미침,1
5,끝내줌 차돌박이 존맛 두배는 두꺼운듯,1
4,냉동삼겹살 저렴하고 맛있게 먹을만함,1
2,싼맛에 먹는곳..,0
4,넘넘 맛있음,1
5,맛있습니다,1
5,이게 맛없을수가 있을까..?  노른자 톡 터트려서 슥슥 비벼 먹으면.... 아....눈물나....너무좋아......,1
4,가족들도 좋아해요~,1
4,맛있게 잘먹었어요,1
4,덮밥이 맛있어요,1
4,저녁 8시쯤에 갔는데 대창덮밥은 소진됐다고해서 항정살덮밥이랑 곱도리탕 시켰는데요 이렇게 실한 대창 첨봤어요..! 그래서 국물이 아무리 매콤하다고 한들 엄청엄청 느끼합니다ㅠㅠ 술안주로는 최고일 거 같아요.. 탕에 밥은 기본으로 나오니 둘이가시면 굳이 덮밥은 안 시켜도 될 것 같아요~ 배터지는 줄 알았습니다ㅎㅎ 직원 분들은 친절하셨어요 :),1
1,대창덮밥 인정 나머지는 모르겠네?,0
4,맛있어요,1
4,처음 먹어본 사람도 맛있게 먹을 수 있어요.,1
5,대창덮밥 진짜 맛있네요 근데 제가 느끼한걸 잘먹는 편인데 고추 양파 김치랑 먹어도 느끼한걸 잡는데는 한계가있네요.. 대창을 숯불에 초벌하고 양념이랑 볶으면 좀 덜 느끼하게 먹을수 있지 않을까 생각해봅니다,1
5,,1
4,와우 맛잇음 또올꺼임,1
5,존맛,1
5,너무 맛있네용 하핳,1
5,맛있슴맛있슴 진짜 맛있슴ㅠㅠㅠ,1
5,오픈시간 맞춰서 안가면 바로 웨이팅 생겨서 미리 가야하는 ㅈㅁㅌㄱㄹ 맛집…!!,1
3,이렇게 대기가 긴 맛집인줄 모르고 갔다가 엄청 기다림 예써라는 어플로 대기 하던데 혹시 갈 예정이면 어플로 확인하는거 추천함 곱도리탕은 맛있지만 대창 때문에 느끼했던 기억... 나중에 덮밥 먹으러 다시 와보고 싶긴함 ☻,0
5,대창 땡기면 대창덮밥 진짜 겁나 실하다,1
4,대창이 정말 실했고 낮술하기에 좋은 장소 대창덮밥이 추천메뉴 술종류는 적다,1
4,대창덮밥 맛있게 잘 먹었습니다!,1
4,첫 입이 제일맛있는 대창덮밥 둘이가면 무조건 다른덮밥이랑 시켜서 나눠먹어야함 느끼해서 다는 못먹음 근데 맛있음,1
4,,1
2,,0
1,단짠의 정석. 진짜 정석으로 달고 짬. 질리는 맛.  사장님이랑 와이프로 추정되는 서빙해주신 분 매우 친절하셨음. 친절하신것은 인정!  골목안에 작게 했을때 이전하기 전에도 갔었고 그 이후에도 갔는데 갈수록 더 달고 더 짜져서 안간지 꽤 됐는데..  안가게 된 이유는 너무 달고 너무 짜져서지..ㅡㅡ,0
